{
  "label_aps": {
    "car": {
      "0.5": 0.23565303327954212,
      "1.0": 0.4715551036854348,
      "2.0": 0.6455224889543676,
      "4.0": 0.7485765013329215
    },
    "truck": {
      "0.5": 0.060618626174867976,
      "1.0": 0.3456278151825886,
      "2.0": 0.5332615180866346,
      "4.0": 0.5748601366608024
    },
    "bus": {
      "0.5": 0.09123266313686769,
      "1.0": 0.50059343610625,
      "2.0": 0.7086883823994936,
      "4.0": 0.7331513123526195
    },
    "trailer": {
      "0.5": 0.0,
      "1.0": 0.0,
      "2.0": 0.0,
      "4.0": 0.0
    },
    "construction_vehicle": {
      "0.5": 0.0,
      "1.0": 0.0,
      "2.0": 0.0,
      "4.0": 0.0
    },
    "pedestrian": {
      "0.5": 0.151257503689897,
      "1.0": 0.36722905093063657,
      "2.0": 0.608113579728197,
      "4.0": 0.7607396876738988
    },
    "motorcycle": {
      "0.5": 0.004747621506314736,
      "1.0": 0.11612971588759914,
      "2.0": 0.4290085988482768,
      "4.0": 0.563727268769815
    },
    "bicycle": {
      "0.5": 0.018227005634043683,
      "1.0": 0.11277504519163843,
      "2.0": 0.276639454674708,
      "4.0": 0.3192532963033389
    },
    "traffic_cone": {
      "0.5": 0.26507593887670033,
      "1.0": 0.6685940736224729,
      "2.0": 0.7533408405686203,
      "4.0": 0.7533408405686203
    },
    "barrier": {
      "0.5": 0.0,
      "1.0": 0.0,
      "2.0": 0.0,
      "4.0": 0.0
    }
  },
  "mean_dist_aps": {
    "car": 0.5253267818130665,
    "truck": 0.3785920240262234,
    "bus": 0.5084164484988077,
    "trailer": 0.0,
    "construction_vehicle": 0.0,
    "pedestrian": 0.47183495550565735,
    "motorcycle": 0.2784033012530014,
    "bicycle": 0.18172370045093225,
    "traffic_cone": 0.6100879234091034,
    "barrier": 0.0
  },
  "mean_ap": 0.29543851349567923,
  "label_tp_errors": {
    "car": {
      "trans_err": 0.4506769549170543,
      "scale_err": 0.16067430073296957,
      "orient_err": 0.09424182703142948,
      "vel_err": 0.17709746266323306,
      "attr_err": 0.07420915668244704
    },
    "truck": {
      "trans_err": 0.6353798551588625,
      "scale_err": 0.1637930516843264,
      "orient_err": 0.10270388226754142,
      "vel_err": 0.11425715390698489,
      "attr_err": 0.1373213341931013
    },
    "bus": {
      "trans_err": 0.6186964487509526,
      "scale_err": 0.07004307650253992,
      "orient_err": 0.044894259606871434,
      "vel_err": 1.6398321753107359,
      "attr_err": 0.06654202998268736
    },
    "trailer": {
      "trans_err": 1.0,
      "scale_err": 1.0,
      "orient_err": 1.0,
      "vel_err": 1.0,
      "attr_err": 1.0
    },
    "construction_vehicle": {
      "trans_err": 1.0,
      "scale_err": 1.0,
      "orient_err": 1.0,
      "vel_err": 1.0,
      "attr_err": 1.0
    },
    "pedestrian": {
      "trans_err": 0.5678963820669592,
      "scale_err": 0.2753962745431807,
      "orient_err": 0.4153638471615629,
      "vel_err": 0.4558628088594976,
      "attr_err": 0.12112707471487627
    },
    "motorcycle": {
      "trans_err": 0.8900337716961869,
      "scale_err": 0.33736274663494153,
      "orient_err": 1.2169126215629025,
      "vel_err": 0.05929252472103388,
      "attr_err": 0.002166248013831317
    },
    "bicycle": {
      "trans_err": 0.8332610941665298,
      "scale_err": 0.32476997514742423,
      "orient_err": 0.3190164628986907,
      "vel_err": 1.1595185022059442,
      "attr_err": 0.05439343246935311
    },
    "traffic_cone": {
      "trans_err": 0.38968062686558375,
      "scale_err": 0.3506260028330856,
      "orient_err": NaN,
      "vel_err": NaN,
      "attr_err": NaN
    },
    "barrier": {
      "trans_err": 1.0,
      "scale_err": 1.0,
      "orient_err": 1.0,
      "vel_err": NaN,
      "attr_err": NaN
    }
  },
  "tp_errors": {
    "trans_err": 0.7385625133622129,
    "scale_err": 0.46826654280784685,
    "orient_err": 0.5770147667254443,
    "vel_err": 0.7007325784584287,
    "attr_err": 0.30696990950703706
  },
  "tp_scores": {
    "trans_err": 0.2614374866377871,
    "scale_err": 0.5317334571921531,
    "orient_err": 0.4229852332745557,
    "vel_err": 0.29926742154157127,
    "attr_err": 0.6930300904929629
  },
  "nd_score": 0.36856462566174264,
  "eval_time": 5.233107328414917,
  "cfg": {
    "class_range": {
      "car": 50,
      "truck": 50,
      "bus": 50,
      "trailer": 50,
      "construction_vehicle": 50,
      "pedestrian": 40,
      "motorcycle": 40,
      "bicycle": 40,
      "traffic_cone": 30,
      "barrier": 30
    },
    "dist_fcn": "center_distance",
    "dist_ths": [
      0.5,
      1.0,
      2.0,
      4.0
    ],
    "dist_th_tp": 2.0,
    "min_recall": 0.1,
    "min_precision": 0.1,
    "max_boxes_per_sample": 500,
    "mean_ap_weight": 5
  },
  "meta": {
    "use_camera": true,
    "use_lidar": false,
    "use_radar": true,
    "use_map": false,
    "use_external": false
  }
}